순번,이름,사진데이터,3d스캔데이터,분류_L_01,분류_L_02,분류_L_03,분류_L_04,분류_L_05,분류_R_01,분류_R_02,분류_R_03,분류_R_04,분류_R_05
001,1번,X,X,,,,,,,,,,
002,오준호,X,X,,,,,,,,,,
003,강건우,O,X,,,,,,,,,,
004,박서연,O,X,,,,,,,,,,
005,이태인,O,X,,,,,,,,,,
006,,X,X,,,,,,,,,,
007,006(이수민),X,X,,,,,,,,,,
008,이가영,X,X,,,,,,,,,,
009,총장님,X,X,,,,,,,,,,
010,김민주,X,X,,,,,,,,,,
011,강해림,X,X,,,,,,,,,,
012,이근상,X,X,,,,,,,,,,
013,이응우,X,X,,,,,,,,,,
014,김인영,X,X,,,,,,,,,,
015,용새롬,X,X,,,,,,,,,,
016,김혜은,X,X,,,,,,,,,,
017,유아영,X,X,,,,,,,,,,
018,강민서,X,X,,,,,,,,,,
019,정선아,X,X,,,,,,,,,,
020,김정미,X,X,,,,,,,,,,
021,,X,X,,,,,,,,,,
022,021,X,X,,,,,,,,,,
023,,X,X,,,,,,,,,,
024,,X,X,,,,,,,,,,
025,024,X,X,,,,,,,,,,
026,,X,X,,,,,,,,,,
027,,X,X,,,,,,,,,,
028,,X,X,,,,,,,,,,
029,,X,X,,,,,,,,,,
030,,X,X,,,,,,,,,,
031,,X,X,,,,,,,,,,
032,,X,X,,,,,,,,,,
033,,X,X,,,,,,,,,,
034,,X,X,,,,,,,,,,
035,,X,X,,,,,,,,,,
036,,O,X,,,,,,,,,,
037,,X,X,,,,,,,,,,
038,,X,X,,,,,,,,,,
039,,X,X,,,,,,,,,,
040,,X,X,,,,,,,,,,
041,,X,X,,,,,,,,,,
042,,X,X,,,,,,,,,,
043,,X,X,,,,,,,,,,
044,,X,X,,,,,,,,,,
045,,X,X,,,,,,,,,,
046,,X,X,,,,,,,,,,
047,,X,X,,,,,,,,,,
048,,X,X,,,,,,,,,,
049,,O,X,,,,,,,,,,
050,,X,X,,,,,,,,,,
051,,X,X,,,,,,,,,,
052,,X,X,,,,,,,,,,
053,,X,X,,,,,,,,,,
054,,X,X,,,,,,,,,,
055,,X,X,,,,,,,,,,
056,,X,X,,C,,,,,,,,
057,,X,X,,,,,,,,,,
058,,X,X,,,,,,,,,,
059,,X,X,,,,,,,,,,
060,,X,X,,,,,,,,,,
061,,X,X,,,,,,,,,,
062,,X,X,,,,,,,,,,
063,,X,X,,,,,,,,,,
064,,X,X,,,,,,,,,,
065,,X,X,,,,,,,,,,
066,,X,X,,,,,,,,,,
067,,X,X,,,,,,,,,,
068,,X,X,,,,,,,,,,
069,,X,X,,,,,,,,,,
070,,X,X,,,,,,,,,,
071,,X,X,,,,,,,,,,
072,,X,X,,,,,,,,,,
073,,X,X,,,,,,,,,,
074,,X,X,,,,,,,,,,
075,,X,X,,,,,,,,,,
076,,X,X,,,,,,,,,,
077,,X,X,,,,,,,,,,
078,,X,X,,,,,,,,,,
079,,X,X,,,,,,,,,,
080,,X,X,,,,,,,,,,
081,,X,X,,,,,,,,,,
082,,X,X,,,,,,,,,,
083,,X,X,,,,,,,,,,
084,,X,X,,,,,,,,,,
085,,X,X,,,,,,,,,,
086,,X,X,,,,,,,,,,
087,,X,X,,,,,,,,,,
088,,X,X,,,,,,,,,,
089,,X,X,,,,,,,,,,
090,,X,X,,,,,,,,,,
091,,X,X,,,,,,,,,,
092,,X,X,,,,,,,,,,
093,,X,X,,,,,,,,,,
094,,X,X,,,,,,,,,,
095,,X,X,,,,,,,,,,
096,,X,X,,,,,,,,,,
097,,X,X,,,,,,,,,,
098,,X,X,,,,,,,,,,
099,,X,X,,,,,,,,,,
100,,X,X,,,,,,,,,,
101,,X,X,,,,,,,,,,
102,,X,X,,,,,,,,,,
103,,X,X,,,,,,,,,,
104,,X,X,,,,,,,,,,
105,,X,X,,,,,,,,,,
106,,X,X,,,,,,,,,,
107,,X,X,,,,,,,,,,
108,,X,X,,,,,,,,,,
109,,X,X,,,,,,,,,,
110,,X,X,,,,,,,,,,
111,,X,X,,,,,,,,,,
112,,X,X,,,,,,,,,,
113,,X,X,,,,,,,,,,
114,,X,X,,,,,,,,,,
115,,X,X,,,,,,,,,,
116,,X,X,,,,,,,,,,
117,,X,X,,,,,,,,,,
118,,X,X,,,,,,,,,,
119,,X,X,,,,,,,,,,
120,,X,X,,,,,,,,,,
121,,X,X,,,,,,,,,,
122,,X,X,,,,,,,,,,
123,,X,X,,,,,,,,,,
124,,X,X,,,,,,,,,,
125,,X,X,,,,,,,,,,
126,,X,X,,,,,,,,,,
127,,X,X,,,,,,,,,,
128,,X,X,,,,,,,,,,
129,,X,X,,,,,,,,,,
130,,X,X,,,,,,,,,,
131,,X,X,,,,,,,,,,
132,,X,X,,,,,,,,,,
133,,X,X,,,,,,,,,,
134,,X,X,,,,,,,,,,
135,,X,X,,,,,,,,,,
136,,X,X,,,,,,,,,,
137,,X,X,,,,,,,,,,
138,,X,X,,,,,,,,,,
139,,X,X,,,,,,,,,,
140,,X,X,,,,,,,,,,
141,,X,X,,,,,,,,,,
142,,X,X,,,,,,,,,,
143,,X,X,,,,,,,,,,
144,,X,X,,,,,,,,,,
145,,X,X,,,,,,,,,,
146,,X,X,,,,,,,,,,
147,,X,X,,,,,,,,,,
148,,X,X,,,,,,,,,,
149,,X,X,,,,,,,,,,
150,,X,X,,,,,,,,,,
151,,X,X,,,,,,,,,,
152,,X,X,,,,,,,,,,
153,,X,X,,,,,,,,,,
154,,X,X,,,,,,,,,,
155,,X,X,,,,,,,,,,
156,,X,X,,,,,,,,,,
157,,X,X,,,,,,,,,,
158,,X,X,,,,,,,,,,
159,,X,X,,,,,,,,,,
160,,X,X,,,,,,,,,,
161,,X,X,,,,,,,,,,
162,,X,X,,,,,,,,,,
163,,X,X,,,,,,,,,,
164,,X,X,,,,,,,,,,
165,,X,X,,,,,,,,,,
166,,X,X,,,,,,,,,,
167,,X,X,,,,,,,,,,
168,,X,X,,,,,,,,,,
169,,X,X,,,,,,,,,,
170,,X,X,,,,,,,,,,
171,,X,X,,,,,,,,,,
172,,X,X,,,,,,,,,,
173,,X,X,,,,,,,,,,
174,,X,X,,,,,,,,,,
175,,X,X,,,,,,,,,,
176,,X,X,,,,,,,,,,
177,,X,X,,,,,,,,,,
178,,X,X,,,,,,,,,,
179,,X,X,,,,,,,,,,
180,,X,X,,,,,,,,,,
181,,X,X,,,,,,,,,,
182,,X,X,,,,,,,,,,
183,,X,X,,,,,,,,,,
184,,X,X,,,,,,,,,,
185,,X,X,,,,,,,,,,
186,,X,X,,,,,,,,,,
187,,X,X,,,,,,,,,,
188,,X,X,,,,,,,,,,
189,,X,X,,,,,,,,,,
190,,X,X,,,,,,,,,,
191,,X,X,,,,,,,,,,
192,,X,X,,,,,,,,,,
193,,X,X,,,,,,,,,,
194,,X,X,,,,,,,,,,
195,,X,X,,,,,,,,,,
196,,X,X,,,,,,,,,,
197,,X,X,,,,,,,,,,
198,,X,X,,,,,,,,,,
199,,X,X,,,,,,,,,,
