finger,usage,id,label,person,front,side
thumb,train,P/033_L_01,P,033,C:\Users\USER\Downloads\파일정리_cls\thumb\P\033_L_01_front_nail.jpg,C:\Users\USER\Downloads\파일정리_cls\thumb\P\033_L_01_side_nail.jpg
thumb,train,P/036_L_01,P,036,C:\Users\USER\Downloads\파일정리_cls\thumb\P\036_L_01_front_nail.jpg,C:\Users\USER\Downloads\파일정리_cls\thumb\P\036_L_01_side_nail.jpg
thumb,train,P/034_L_01,P,034,C:\Users\USER\Downloads\파일정리_cls\thumb\P\034_L_01_front_nail.jpg,C:\Users\USER\Downloads\파일정리_cls\thumb\P\034_L_01_side_nail.jpg
thumb,train,P/007_R_01,P,007,C:\Users\USER\Downloads\파일정리_cls\thumb\P\007_R_01_front_nail.jpg,C:\Users\USER\Downloads\파일정리_cls\thumb\P\007_R_01_side_nail.jpg
thumb,train,P/015_L_01,P,015,C:\Users\USER\Downloads\파일정리_cls\thumb\P\015_L_01_front_nail.jpg,C:\Users\USER\Downloads\파일정리_cls\thumb\P\015_L_01_side_nail.jpg
thumb,train,P/027_L_01,P,027,C:\Users\USER\Downloads\파일정리_cls\thumb\P\027_L_01_front_nail.jpg,C:\Users\USER\Downloads\파일정리_cls\thumb\P\027_L_01_side_nail.jpg
thumb,train,P/007_L_01,P,007,C:\Users\USER\Downloads\파일정리_cls\thumb\P\007_L_01_front_nail.jpg,C:\Users\USER\Downloads\파일정리_cls\thumb\P\007_L_01_side_nail.jpg
thumb,train,P/032_R_01,P,032,C:\Users\USER\Downloads\파일정리_cls\thumb\P\032_R_01_front_nail.jpg,C:\Users\USER\Downloads\파일정리_cls\thumb\P\032_R_01_side_nail.jpg
thumb,train,P/029_L_01,P,029,C:\Users\USER\Downloads\파일정리_cls\thumb\P\029_L_01_front_nail.jpg,C:\Users\USER\Downloads\파일정리_cls\thumb\P\029_L_01_side_nail.jpg
thumb,train,P/030_R_01,P,030,C:\Users\USER\Downloads\파일정리_cls\thumb\P\030_R_01_front_nail.jpg,C:\Users\USER\Downloads\파일정리_cls\thumb\P\030_R_01_side_nail.jpg
thumb,train,P/022_L_01,P,022,C:\Users\USER\Downloads\파일정리_cls\thumb\P\022_L_01_front_nail.jpg,C:\Users\USER\Downloads\파일정리_cls\thumb\P\022_L_01_side_nail.jpg
thumb,train,P/041_R_01,P,041,C:\Users\USER\Downloads\파일정리_cls\thumb\P\041_R_01_front_nail.jpg,C:\Users\USER\Downloads\파일정리_cls\thumb\P\041_R_01_side_nail.jpg
thumb,train,P/036_R_01,P,036,C:\Users\USER\Downloads\파일정리_cls\thumb\P\036_R_01_front_nail.jpg,C:\Users\USER\Downloads\파일정리_cls\thumb\P\036_R_01_side_nail.jpg
thumb,train,P/033_R_01,P,033,C:\Users\USER\Downloads\파일정리_cls\thumb\P\033_R_01_front_nail.jpg,C:\Users\USER\Downloads\파일정리_cls\thumb\P\033_R_01_side_nail.jpg
thumb,train,P/003_R_01,P,003,C:\Users\USER\Downloads\파일정리_cls\thumb\P\003_R_01_front_nail.jpg,C:\Users\USER\Downloads\파일정리_cls\thumb\P\003_R_01_side_nail.jpg
thumb,train,P/041_L_01,P,041,C:\Users\USER\Downloads\파일정리_cls\thumb\P\041_L_01_front_nail.jpg,C:\Users\USER\Downloads\파일정리_cls\thumb\P\041_L_01_side_nail.jpg
thumb,train,P/017_R_01,P,017,C:\Users\USER\Downloads\파일정리_cls\thumb\P\017_R_01_front_nail.jpg,C:\Users\USER\Downloads\파일정리_cls\thumb\P\017_R_01_side_nail.jpg
thumb,train,P/024_L_01,P,024,C:\Users\USER\Downloads\파일정리_cls\thumb\P\024_L_01_front_nail.jpg,C:\Users\USER\Downloads\파일정리_cls\thumb\P\024_L_01_side_nail.jpg
thumb,train,P/006_L_01,P,006,C:\Users\USER\Downloads\파일정리_cls\thumb\P\006_L_01_front_nail.jpg,C:\Users\USER\Downloads\파일정리_cls\thumb\P\006_L_01_side_nail.jpg
thumb,train,P/038_R_01,P,038,C:\Users\USER\Downloads\파일정리_cls\thumb\P\038_R_01_front_nail.jpg,C:\Users\USER\Downloads\파일정리_cls\thumb\P\038_R_01_side_nail.jpg
thumb,train,P/034_R_01,P,034,C:\Users\USER\Downloads\파일정리_cls\thumb\P\034_R_01_front_nail.jpg,C:\Users\USER\Downloads\파일정리_cls\thumb\P\034_R_01_side_nail.jpg
thumb,train,P/032_L_01,P,032,C:\Users\USER\Downloads\파일정리_cls\thumb\P\032_L_01_front_nail.jpg,C:\Users\USER\Downloads\파일정리_cls\thumb\P\032_L_01_side_nail.jpg
thumb,train,P/030_L_01,P,030,C:\Users\USER\Downloads\파일정리_cls\thumb\P\030_L_01_front_nail.jpg,C:\Users\USER\Downloads\파일정리_cls\thumb\P\030_L_01_side_nail.jpg
thumb,train,P/008_R_01,P,008,C:\Users\USER\Downloads\파일정리_cls\thumb\P\008_R_01_front_nail.jpg,C:\Users\USER\Downloads\파일정리_cls\thumb\P\008_R_01_side_nail.jpg
thumb,train,P/009_R_01,P,009,C:\Users\USER\Downloads\파일정리_cls\thumb\P\009_R_01_front_nail.jpg,C:\Users\USER\Downloads\파일정리_cls\thumb\P\009_R_01_side_nail.jpg
thumb,train,P/021_L_01,P,021,C:\Users\USER\Downloads\파일정리_cls\thumb\P\021_L_01_front_nail.jpg,C:\Users\USER\Downloads\파일정리_cls\thumb\P\021_L_01_side_nail.jpg
thumb,train,P/021_R_01,P,021,C:\Users\USER\Downloads\파일정리_cls\thumb\P\021_R_01_front_nail.jpg,C:\Users\USER\Downloads\파일정리_cls\thumb\P\021_R_01_side_nail.jpg
thumb,train,P/022_R_01,P,022,C:\Users\USER\Downloads\파일정리_cls\thumb\P\022_R_01_front_nail.jpg,C:\Users\USER\Downloads\파일정리_cls\thumb\P\022_R_01_side_nail.jpg
thumb,train,P/005_R_01,P,005,C:\Users\USER\Downloads\파일정리_cls\thumb\P\005_R_01_front_nail.jpg,C:\Users\USER\Downloads\파일정리_cls\thumb\P\005_R_01_side_nail.jpg
thumb,train,P/009_L_01,P,009,C:\Users\USER\Downloads\파일정리_cls\thumb\P\009_L_01_front_nail.jpg,C:\Users\USER\Downloads\파일정리_cls\thumb\P\009_L_01_side_nail.jpg
thumb,train,S/005_L_01,S,005,C:\Users\USER\Downloads\파일정리_cls\thumb\S\005_L_01_front_nail.jpg,C:\Users\USER\Downloads\파일정리_cls\thumb\S\005_L_01_side_nail.jpg
thumb,train,S/019_L_01,S,019,C:\Users\USER\Downloads\파일정리_cls\thumb\S\019_L_01_front_nail.jpg,C:\Users\USER\Downloads\파일정리_cls\thumb\S\019_L_01_side_nail.jpg
thumb,train,S/004_L_01,S,004,C:\Users\USER\Downloads\파일정리_cls\thumb\S\004_L_01_front_nail.jpg,C:\Users\USER\Downloads\파일정리_cls\thumb\S\004_L_01_side_nail.jpg
thumb,train,S/013_L_01,S,013,C:\Users\USER\Downloads\파일정리_cls\thumb\S\013_L_01_front_nail.jpg,C:\Users\USER\Downloads\파일정리_cls\thumb\S\013_L_01_side_nail.jpg
thumb,train,S/001_R_01,S,001,C:\Users\USER\Downloads\파일정리_cls\thumb\S\001_R_01_front_nail.jpg,C:\Users\USER\Downloads\파일정리_cls\thumb\S\001_R_01_side_nail.jpg
thumb,train,S/023_L_01,S,023,C:\Users\USER\Downloads\파일정리_cls\thumb\S\023_L_01_front_nail.jpg,C:\Users\USER\Downloads\파일정리_cls\thumb\S\023_L_01_side_nail.jpg
thumb,train,S/014_L_01,S,014,C:\Users\USER\Downloads\파일정리_cls\thumb\S\014_L_01_front_nail.jpg,C:\Users\USER\Downloads\파일정리_cls\thumb\S\014_L_01_side_nail.jpg
thumb,train,S/025_L_01,S,025,C:\Users\USER\Downloads\파일정리_cls\thumb\S\025_L_01_front_nail.jpg,C:\Users\USER\Downloads\파일정리_cls\thumb\S\025_L_01_side_nail.jpg
thumb,train,S/014_R_01,S,014,C:\Users\USER\Downloads\파일정리_cls\thumb\S\014_R_01_front_nail.jpg,C:\Users\USER\Downloads\파일정리_cls\thumb\S\014_R_01_side_nail.jpg
thumb,train,S/025_R_01,S,025,C:\Users\USER\Downloads\파일정리_cls\thumb\S\025_R_01_front_nail.jpg,C:\Users\USER\Downloads\파일정리_cls\thumb\S\025_R_01_side_nail.jpg
thumb,train,S/010_R_01,S,010,C:\Users\USER\Downloads\파일정리_cls\thumb\S\010_R_01_front_nail.jpg,C:\Users\USER\Downloads\파일정리_cls\thumb\S\010_R_01_side_nail.jpg
thumb,train,S/002_R_01,S,002,C:\Users\USER\Downloads\파일정리_cls\thumb\S\002_R_01_front_nail.jpg,C:\Users\USER\Downloads\파일정리_cls\thumb\S\002_R_01_side_nail.jpg
thumb,train,S/035_L_01,S,035,C:\Users\USER\Downloads\파일정리_cls\thumb\S\035_L_01_front_nail.jpg,C:\Users\USER\Downloads\파일정리_cls\thumb\S\035_L_01_side_nail.jpg
thumb,train,S/026_R_01,S,026,C:\Users\USER\Downloads\파일정리_cls\thumb\S\026_R_01_front_nail.jpg,C:\Users\USER\Downloads\파일정리_cls\thumb\S\026_R_01_side_nail.jpg
thumb,train,S/015_R_01,S,015,C:\Users\USER\Downloads\파일정리_cls\thumb\S\015_R_01_front_nail.jpg,C:\Users\USER\Downloads\파일정리_cls\thumb\S\015_R_01_side_nail.jpg
thumb,train,S/013_R_01,S,013,C:\Users\USER\Downloads\파일정리_cls\thumb\S\013_R_01_front_nail.jpg,C:\Users\USER\Downloads\파일정리_cls\thumb\S\013_R_01_side_nail.jpg
thumb,train,S/002_L_01,S,002,C:\Users\USER\Downloads\파일정리_cls\thumb\S\002_L_01_front_nail.jpg,C:\Users\USER\Downloads\파일정리_cls\thumb\S\002_L_01_side_nail.jpg
thumb,train,S/010_L_01,S,010,C:\Users\USER\Downloads\파일정리_cls\thumb\S\010_L_01_front_nail.jpg,C:\Users\USER\Downloads\파일정리_cls\thumb\S\010_L_01_side_nail.jpg
thumb,train,S/019_R_01,S,019,C:\Users\USER\Downloads\파일정리_cls\thumb\S\019_R_01_front_nail.jpg,C:\Users\USER\Downloads\파일정리_cls\thumb\S\019_R_01_side_nail.jpg
thumb,train,S/026_L_01,S,026,C:\Users\USER\Downloads\파일정리_cls\thumb\S\026_L_01_front_nail.jpg,C:\Users\USER\Downloads\파일정리_cls\thumb\S\026_L_01_side_nail.jpg
thumb,train,S/012_L_01,S,012,C:\Users\USER\Downloads\파일정리_cls\thumb\S\012_L_01_front_nail.jpg,C:\Users\USER\Downloads\파일정리_cls\thumb\S\012_L_01_side_nail.jpg
thumb,train,S/003_L_01,S,003,C:\Users\USER\Downloads\파일정리_cls\thumb\S\003_L_01_front_nail.jpg,C:\Users\USER\Downloads\파일정리_cls\thumb\S\003_L_01_side_nail.jpg
thumb,train,S/012_R_01,S,012,C:\Users\USER\Downloads\파일정리_cls\thumb\S\012_R_01_front_nail.jpg,C:\Users\USER\Downloads\파일정리_cls\thumb\S\012_R_01_side_nail.jpg
thumb,test,P/016_R_01,P,016,C:\Users\USER\Downloads\파일정리_cls\thumb\P\016_R_01_front_nail.jpg,C:\Users\USER\Downloads\파일정리_cls\thumb\P\016_R_01_side_nail.jpg
thumb,test,P/037_R_01,P,037,C:\Users\USER\Downloads\파일정리_cls\thumb\P\037_R_01_front_nail.jpg,C:\Users\USER\Downloads\파일정리_cls\thumb\P\037_R_01_side_nail.jpg
thumb,test,P/016_L_01,P,016,C:\Users\USER\Downloads\파일정리_cls\thumb\P\016_L_01_front_nail.jpg,C:\Users\USER\Downloads\파일정리_cls\thumb\P\016_L_01_side_nail.jpg
thumb,test,P/037_L_01,P,037,C:\Users\USER\Downloads\파일정리_cls\thumb\P\037_L_01_front_nail.jpg,C:\Users\USER\Downloads\파일정리_cls\thumb\P\037_L_01_side_nail.jpg
thumb,test,P/038_L_01,P,038,C:\Users\USER\Downloads\파일정리_cls\thumb\P\038_L_01_front_nail.jpg,C:\Users\USER\Downloads\파일정리_cls\thumb\P\038_L_01_side_nail.jpg
thumb,test,P/035_R_01,P,035,C:\Users\USER\Downloads\파일정리_cls\thumb\P\035_R_01_front_nail.jpg,C:\Users\USER\Downloads\파일정리_cls\thumb\P\035_R_01_side_nail.jpg
thumb,test,P/017_L_01,P,017,C:\Users\USER\Downloads\파일정리_cls\thumb\P\017_L_01_front_nail.jpg,C:\Users\USER\Downloads\파일정리_cls\thumb\P\017_L_01_side_nail.jpg
thumb,test,P/008_L_01,P,008,C:\Users\USER\Downloads\파일정리_cls\thumb\P\008_L_01_front_nail.jpg,C:\Users\USER\Downloads\파일정리_cls\thumb\P\008_L_01_side_nail.jpg
thumb,test,S/023_R_01,S,023,C:\Users\USER\Downloads\파일정리_cls\thumb\S\023_R_01_front_nail.jpg,C:\Users\USER\Downloads\파일정리_cls\thumb\S\023_R_01_side_nail.jpg
thumb,test,S/020_L_01,S,020,C:\Users\USER\Downloads\파일정리_cls\thumb\S\020_L_01_front_nail.jpg,C:\Users\USER\Downloads\파일정리_cls\thumb\S\020_L_01_side_nail.jpg
thumb,test,S/004_R_01,S,004,C:\Users\USER\Downloads\파일정리_cls\thumb\S\004_R_01_front_nail.jpg,C:\Users\USER\Downloads\파일정리_cls\thumb\S\004_R_01_side_nail.jpg
thumb,test,S/020_R_01,S,020,C:\Users\USER\Downloads\파일정리_cls\thumb\S\020_R_01_front_nail.jpg,C:\Users\USER\Downloads\파일정리_cls\thumb\S\020_R_01_side_nail.jpg
thumb,test,S/011_R_01,S,011,C:\Users\USER\Downloads\파일정리_cls\thumb\S\011_R_01_front_nail.jpg,C:\Users\USER\Downloads\파일정리_cls\thumb\S\011_R_01_side_nail.jpg
thumb,test,S/006_R_01,S,006,C:\Users\USER\Downloads\파일정리_cls\thumb\S\006_R_01_front_nail.jpg,C:\Users\USER\Downloads\파일정리_cls\thumb\S\006_R_01_side_nail.jpg
other,train,P/021_R_02,P,021,C:\Users\USER\Downloads\파일정리_cls\other\P\021_R_02_front_nail.jpg,C:\Users\USER\Downloads\파일정리_cls\other\P\021_R_02_side_nail.jpg
other,train,P/015_L_04,P,015,C:\Users\USER\Downloads\파일정리_cls\other\P\015_L_04_front_nail.jpg,C:\Users\USER\Downloads\파일정리_cls\other\P\015_L_04_side_nail.jpg
other,train,P/005_L_04,P,005,C:\Users\USER\Downloads\파일정리_cls\other\P\005_L_04_front_nail.jpg,C:\Users\USER\Downloads\파일정리_cls\other\P\005_L_04_side_nail.jpg
other,train,P/022_R_05,P,022,C:\Users\USER\Downloads\파일정리_cls\other\P\022_R_05_front_nail.jpg,C:\Users\USER\Downloads\파일정리_cls\other\P\022_R_05_side_nail.jpg
other,train,P/019_L_03,P,019,C:\Users\USER\Downloads\파일정리_cls\other\P\019_L_03_front_nail.jpg,C:\Users\USER\Downloads\파일정리_cls\other\P\019_L_03_side_nail.jpg
other,train,P/007_R_02,P,007,C:\Users\USER\Downloads\파일정리_cls\other\P\007_R_02_front_nail.jpg,C:\Users\USER\Downloads\파일정리_cls\other\P\007_R_02_side_nail.jpg
other,train,P/019_R_03,P,019,C:\Users\USER\Downloads\파일정리_cls\other\P\019_R_03_front_nail.jpg,C:\Users\USER\Downloads\파일정리_cls\other\P\019_R_03_side_nail.jpg
other,train,P/037_R_05,P,037,C:\Users\USER\Downloads\파일정리_cls\other\P\037_R_05_front_nail.jpg,C:\Users\USER\Downloads\파일정리_cls\other\P\037_R_05_side_nail.jpg
other,train,P/005_L_02,P,005,C:\Users\USER\Downloads\파일정리_cls\other\P\005_L_02_front_nail.jpg,C:\Users\USER\Downloads\파일정리_cls\other\P\005_L_02_side_nail.jpg
other,train,P/033_L_05,P,033,C:\Users\USER\Downloads\파일정리_cls\other\P\033_L_05_front_nail.jpg,C:\Users\USER\Downloads\파일정리_cls\other\P\033_L_05_side_nail.jpg
other,train,P/008_L_04,P,008,C:\Users\USER\Downloads\파일정리_cls\other\P\008_L_04_front_nail.jpg,C:\Users\USER\Downloads\파일정리_cls\other\P\008_L_04_side_nail.jpg
other,train,P/009_R_04,P,009,C:\Users\USER\Downloads\파일정리_cls\other\P\009_R_04_front_nail.jpg,C:\Users\USER\Downloads\파일정리_cls\other\P\009_R_04_side_nail.jpg
other,train,P/011_L_03,P,011,C:\Users\USER\Downloads\파일정리_cls\other\P\011_L_03_front_nail.jpg,C:\Users\USER\Downloads\파일정리_cls\other\P\011_L_03_side_nail.jpg
other,train,P/023_L_02,P,023,C:\Users\USER\Downloads\파일정리_cls\other\P\023_L_02_front_nail.jpg,C:\Users\USER\Downloads\파일정리_cls\other\P\023_L_02_side_nail.jpg
other,train,P/020_R_04,P,020,C:\Users\USER\Downloads\파일정리_cls\other\P\020_R_04_front_nail.jpg,C:\Users\USER\Downloads\파일정리_cls\other\P\020_R_04_side_nail.jpg
other,train,P/003_L_03,P,003,C:\Users\USER\Downloads\파일정리_cls\other\P\003_L_03_front_nail.jpg,C:\Users\USER\Downloads\파일정리_cls\other\P\003_L_03_side_nail.jpg
other,train,P/032_R_03,P,032,C:\Users\USER\Downloads\파일정리_cls\other\P\032_R_03_front_nail.jpg,C:\Users\USER\Downloads\파일정리_cls\other\P\032_R_03_side_nail.jpg
other,train,P/029_R_03,P,029,C:\Users\USER\Downloads\파일정리_cls\other\P\029_R_03_front_nail.jpg,C:\Users\USER\Downloads\파일정리_cls\other\P\029_R_03_side_nail.jpg
other,train,P/012_R_05,P,012,C:\Users\USER\Downloads\파일정리_cls\other\P\012_R_05_front_nail.jpg,C:\Users\USER\Downloads\파일정리_cls\other\P\012_R_05_side_nail.jpg
other,train,P/003_R_02,P,003,C:\Users\USER\Downloads\파일정리_cls\other\P\003_R_02_front_nail.jpg,C:\Users\USER\Downloads\파일정리_cls\other\P\003_R_02_side_nail.jpg
other,train,P/033_L_02,P,033,C:\Users\USER\Downloads\파일정리_cls\other\P\033_L_02_front_nail.jpg,C:\Users\USER\Downloads\파일정리_cls\other\P\033_L_02_side_nail.jpg
other,train,P/020_L_03,P,020,C:\Users\USER\Downloads\파일정리_cls\other\P\020_L_03_front_nail.jpg,C:\Users\USER\Downloads\파일정리_cls\other\P\020_L_03_side_nail.jpg
other,train,P/003_L_02,P,003,C:\Users\USER\Downloads\파일정리_cls\other\P\003_L_02_front_nail.jpg,C:\Users\USER\Downloads\파일정리_cls\other\P\003_L_02_side_nail.jpg
other,train,P/005_R_03,P,005,C:\Users\USER\Downloads\파일정리_cls\other\P\005_R_03_front_nail.jpg,C:\Users\USER\Downloads\파일정리_cls\other\P\005_R_03_side_nail.jpg
other,train,P/035_L_05,P,035,C:\Users\USER\Downloads\파일정리_cls\other\P\035_L_05_front_nail.jpg,C:\Users\USER\Downloads\파일정리_cls\other\P\035_L_05_side_nail.jpg
other,train,P/029_R_04,P,029,C:\Users\USER\Downloads\파일정리_cls\other\P\029_R_04_front_nail.jpg,C:\Users\USER\Downloads\파일정리_cls\other\P\029_R_04_side_nail.jpg
other,train,P/041_L_05,P,041,C:\Users\USER\Downloads\파일정리_cls\other\P\041_L_05_front_nail.jpg,C:\Users\USER\Downloads\파일정리_cls\other\P\041_L_05_side_nail.jpg
other,train,P/034_R_05,P,034,C:\Users\USER\Downloads\파일정리_cls\other\P\034_R_05_front_nail.jpg,C:\Users\USER\Downloads\파일정리_cls\other\P\034_R_05_side_nail.jpg
other,train,P/006_R_03,P,006,C:\Users\USER\Downloads\파일정리_cls\other\P\006_R_03_front_nail.jpg,C:\Users\USER\Downloads\파일정리_cls\other\P\006_R_03_side_nail.jpg
other,train,P/031_L_05,P,031,C:\Users\USER\Downloads\파일정리_cls\other\P\031_L_05_front_nail.jpg,C:\Users\USER\Downloads\파일정리_cls\other\P\031_L_05_side_nail.jpg
other,train,P/003_R_04,P,003,C:\Users\USER\Downloads\파일정리_cls\other\P\003_R_04_front_nail.jpg,C:\Users\USER\Downloads\파일정리_cls\other\P\003_R_04_side_nail.jpg
other,train,P/002_R_02,P,002,C:\Users\USER\Downloads\파일정리_cls\other\P\002_R_02_front_nail.jpg,C:\Users\USER\Downloads\파일정리_cls\other\P\002_R_02_side_nail.jpg
other,train,P/037_R_02,P,037,C:\Users\USER\Downloads\파일정리_cls\other\P\037_R_02_front_nail.jpg,C:\Users\USER\Downloads\파일정리_cls\other\P\037_R_02_side_nail.jpg
other,train,P/037_L_05,P,037,C:\Users\USER\Downloads\파일정리_cls\other\P\037_L_05_front_nail.jpg,C:\Users\USER\Downloads\파일정리_cls\other\P\037_L_05_side_nail.jpg
other,train,P/019_R_04,P,019,C:\Users\USER\Downloads\파일정리_cls\other\P\019_R_04_front_nail.jpg,C:\Users\USER\Downloads\파일정리_cls\other\P\019_R_04_side_nail.jpg
other,train,P/025_L_02,P,025,C:\Users\USER\Downloads\파일정리_cls\other\P\025_L_02_front_nail.jpg,C:\Users\USER\Downloads\파일정리_cls\other\P\025_L_02_side_nail.jpg
other,train,P/011_L_05,P,011,C:\Users\USER\Downloads\파일정리_cls\other\P\011_L_05_front_nail.jpg,C:\Users\USER\Downloads\파일정리_cls\other\P\011_L_05_side_nail.jpg
other,train,P/025_R_02,P,025,C:\Users\USER\Downloads\파일정리_cls\other\P\025_R_02_front_nail.jpg,C:\Users\USER\Downloads\파일정리_cls\other\P\025_R_02_side_nail.jpg
other,train,P/006_R_05,P,006,C:\Users\USER\Downloads\파일정리_cls\other\P\006_R_05_front_nail.jpg,C:\Users\USER\Downloads\파일정리_cls\other\P\006_R_05_side_nail.jpg
other,train,P/033_L_03,P,033,C:\Users\USER\Downloads\파일정리_cls\other\P\033_L_03_front_nail.jpg,C:\Users\USER\Downloads\파일정리_cls\other\P\033_L_03_side_nail.jpg
other,train,P/009_L_04,P,009,C:\Users\USER\Downloads\파일정리_cls\other\P\009_L_04_front_nail.jpg,C:\Users\USER\Downloads\파일정리_cls\other\P\009_L_04_side_nail.jpg
other,train,P/005_L_05,P,005,C:\Users\USER\Downloads\파일정리_cls\other\P\005_L_05_front_nail.jpg,C:\Users\USER\Downloads\파일정리_cls\other\P\005_L_05_side_nail.jpg
other,train,P/026_R_02,P,026,C:\Users\USER\Downloads\파일정리_cls\other\P\026_R_02_front_nail.jpg,C:\Users\USER\Downloads\파일정리_cls\other\P\026_R_02_side_nail.jpg
other,train,P/006_R_02,P,006,C:\Users\USER\Downloads\파일정리_cls\other\P\006_R_02_front_nail.jpg,C:\Users\USER\Downloads\파일정리_cls\other\P\006_R_02_side_nail.jpg
other,train,P/015_R_04,P,015,C:\Users\USER\Downloads\파일정리_cls\other\P\015_R_04_front_nail.jpg,C:\Users\USER\Downloads\파일정리_cls\other\P\015_R_04_side_nail.jpg
other,train,P/032_L_02,P,032,C:\Users\USER\Downloads\파일정리_cls\other\P\032_L_02_front_nail.jpg,C:\Users\USER\Downloads\파일정리_cls\other\P\032_L_02_side_nail.jpg
other,train,P/001_L_05,P,001,C:\Users\USER\Downloads\파일정리_cls\other\P\001_L_05_front_nail.jpg,C:\Users\USER\Downloads\파일정리_cls\other\P\001_L_05_side_nail.jpg
other,train,P/034_R_02,P,034,C:\Users\USER\Downloads\파일정리_cls\other\P\034_R_02_front_nail.jpg,C:\Users\USER\Downloads\파일정리_cls\other\P\034_R_02_side_nail.jpg
other,train,P/024_L_02,P,024,C:\Users\USER\Downloads\파일정리_cls\other\P\024_L_02_front_nail.jpg,C:\Users\USER\Downloads\파일정리_cls\other\P\024_L_02_side_nail.jpg
other,train,P/012_R_02,P,012,C:\Users\USER\Downloads\파일정리_cls\other\P\012_R_02_front_nail.jpg,C:\Users\USER\Downloads\파일정리_cls\other\P\012_R_02_side_nail.jpg
other,train,P/009_L_03,P,009,C:\Users\USER\Downloads\파일정리_cls\other\P\009_L_03_front_nail.jpg,C:\Users\USER\Downloads\파일정리_cls\other\P\009_L_03_side_nail.jpg
other,train,P/021_L_03,P,021,C:\Users\USER\Downloads\파일정리_cls\other\P\021_L_03_front_nail.jpg,C:\Users\USER\Downloads\파일정리_cls\other\P\021_L_03_side_nail.jpg
other,train,P/041_L_02,P,041,C:\Users\USER\Downloads\파일정리_cls\other\P\041_L_02_front_nail.jpg,C:\Users\USER\Downloads\파일정리_cls\other\P\041_L_02_side_nail.jpg
other,train,P/020_L_04,P,020,C:\Users\USER\Downloads\파일정리_cls\other\P\020_L_04_front_nail.jpg,C:\Users\USER\Downloads\파일정리_cls\other\P\020_L_04_side_nail.jpg
other,train,P/008_R_04,P,008,C:\Users\USER\Downloads\파일정리_cls\other\P\008_R_04_front_nail.jpg,C:\Users\USER\Downloads\파일정리_cls\other\P\008_R_04_side_nail.jpg
other,train,P/032_L_03,P,032,C:\Users\USER\Downloads\파일정리_cls\other\P\032_L_03_front_nail.jpg,C:\Users\USER\Downloads\파일정리_cls\other\P\032_L_03_side_nail.jpg
other,train,P/041_R_02,P,041,C:\Users\USER\Downloads\파일정리_cls\other\P\041_R_02_front_nail.jpg,C:\Users\USER\Downloads\파일정리_cls\other\P\041_R_02_side_nail.jpg
other,train,P/026_L_02,P,026,C:\Users\USER\Downloads\파일정리_cls\other\P\026_L_02_front_nail.jpg,C:\Users\USER\Downloads\파일정리_cls\other\P\026_L_02_side_nail.jpg
other,train,P/034_L_03,P,034,C:\Users\USER\Downloads\파일정리_cls\other\P\034_L_03_front_nail.jpg,C:\Users\USER\Downloads\파일정리_cls\other\P\034_L_03_side_nail.jpg
other,train,P/002_L_02,P,002,C:\Users\USER\Downloads\파일정리_cls\other\P\002_L_02_front_nail.jpg,C:\Users\USER\Downloads\파일정리_cls\other\P\002_L_02_side_nail.jpg
other,train,P/017_L_05,P,017,C:\Users\USER\Downloads\파일정리_cls\other\P\017_L_05_front_nail.jpg,C:\Users\USER\Downloads\파일정리_cls\other\P\017_L_05_side_nail.jpg
other,train,P/008_R_02,P,008,C:\Users\USER\Downloads\파일정리_cls\other\P\008_R_02_front_nail.jpg,C:\Users\USER\Downloads\파일정리_cls\other\P\008_R_02_side_nail.jpg
other,train,P/032_R_05,P,032,C:\Users\USER\Downloads\파일정리_cls\other\P\032_R_05_front_nail.jpg,C:\Users\USER\Downloads\파일정리_cls\other\P\032_R_05_side_nail.jpg
other,train,P/013_R_05,P,013,C:\Users\USER\Downloads\파일정리_cls\other\P\013_R_05_front_nail.jpg,C:\Users\USER\Downloads\파일정리_cls\other\P\013_R_05_side_nail.jpg
other,train,P/023_L_05,P,023,C:\Users\USER\Downloads\파일정리_cls\other\P\023_L_05_front_nail.jpg,C:\Users\USER\Downloads\파일정리_cls\other\P\023_L_05_side_nail.jpg
other,train,P/011_R_02,P,011,C:\Users\USER\Downloads\파일정리_cls\other\P\011_R_02_front_nail.jpg,C:\Users\USER\Downloads\파일정리_cls\other\P\011_R_02_side_nail.jpg
other,train,P/011_R_03,P,011,C:\Users\USER\Downloads\파일정리_cls\other\P\011_R_03_front_nail.jpg,C:\Users\USER\Downloads\파일정리_cls\other\P\011_R_03_side_nail.jpg
other,train,P/034_L_05,P,034,C:\Users\USER\Downloads\파일정리_cls\other\P\034_L_05_front_nail.jpg,C:\Users\USER\Downloads\파일정리_cls\other\P\034_L_05_side_nail.jpg
other,train,P/019_R_02,P,019,C:\Users\USER\Downloads\파일정리_cls\other\P\019_R_02_front_nail.jpg,C:\Users\USER\Downloads\파일정리_cls\other\P\019_R_02_side_nail.jpg
other,train,P/030_R_02,P,030,C:\Users\USER\Downloads\파일정리_cls\other\P\030_R_02_front_nail.jpg,C:\Users\USER\Downloads\파일정리_cls\other\P\030_R_02_side_nail.jpg
other,train,P/020_R_05,P,020,C:\Users\USER\Downloads\파일정리_cls\other\P\020_R_05_front_nail.jpg,C:\Users\USER\Downloads\파일정리_cls\other\P\020_R_05_side_nail.jpg
other,train,P/033_L_04,P,033,C:\Users\USER\Downloads\파일정리_cls\other\P\033_L_04_front_nail.jpg,C:\Users\USER\Downloads\파일정리_cls\other\P\033_L_04_side_nail.jpg
other,train,P/006_L_04,P,006,C:\Users\USER\Downloads\파일정리_cls\other\P\006_L_04_front_nail.jpg,C:\Users\USER\Downloads\파일정리_cls\other\P\006_L_04_side_nail.jpg
other,train,P/033_R_03,P,033,C:\Users\USER\Downloads\파일정리_cls\other\P\033_R_03_front_nail.jpg,C:\Users\USER\Downloads\파일정리_cls\other\P\033_R_03_side_nail.jpg
other,train,P/006_L_03,P,006,C:\Users\USER\Downloads\파일정리_cls\other\P\006_L_03_front_nail.jpg,C:\Users\USER\Downloads\파일정리_cls\other\P\006_L_03_side_nail.jpg
other,train,P/035_L_02,P,035,C:\Users\USER\Downloads\파일정리_cls\other\P\035_L_02_front_nail.jpg,C:\Users\USER\Downloads\파일정리_cls\other\P\035_L_02_side_nail.jpg
other,train,P/003_R_03,P,003,C:\Users\USER\Downloads\파일정리_cls\other\P\003_R_03_front_nail.jpg,C:\Users\USER\Downloads\파일정리_cls\other\P\003_R_03_side_nail.jpg
other,train,P/022_L_03,P,022,C:\Users\USER\Downloads\파일정리_cls\other\P\022_L_03_front_nail.jpg,C:\Users\USER\Downloads\파일정리_cls\other\P\022_L_03_side_nail.jpg
other,train,P/005_L_03,P,005,C:\Users\USER\Downloads\파일정리_cls\other\P\005_L_03_front_nail.jpg,C:\Users\USER\Downloads\파일정리_cls\other\P\005_L_03_side_nail.jpg
other,train,P/015_R_02,P,015,C:\Users\USER\Downloads\파일정리_cls\other\P\015_R_02_front_nail.jpg,C:\Users\USER\Downloads\파일정리_cls\other\P\015_R_02_side_nail.jpg
other,train,P/015_R_05,P,015,C:\Users\USER\Downloads\파일정리_cls\other\P\015_R_05_front_nail.jpg,C:\Users\USER\Downloads\파일정리_cls\other\P\015_R_05_side_nail.jpg
other,train,P/005_R_05,P,005,C:\Users\USER\Downloads\파일정리_cls\other\P\005_R_05_front_nail.jpg,C:\Users\USER\Downloads\파일정리_cls\other\P\005_R_05_side_nail.jpg
other,train,P/008_L_02,P,008,C:\Users\USER\Downloads\파일정리_cls\other\P\008_L_02_front_nail.jpg,C:\Users\USER\Downloads\파일정리_cls\other\P\008_L_02_side_nail.jpg
other,train,P/011_L_04,P,011,C:\Users\USER\Downloads\파일정리_cls\other\P\011_L_04_front_nail.jpg,C:\Users\USER\Downloads\파일정리_cls\other\P\011_L_04_side_nail.jpg
other,train,P/011_R_05,P,011,C:\Users\USER\Downloads\파일정리_cls\other\P\011_R_05_front_nail.jpg,C:\Users\USER\Downloads\파일정리_cls\other\P\011_R_05_side_nail.jpg
other,train,P/030_R_04,P,030,C:\Users\USER\Downloads\파일정리_cls\other\P\030_R_04_front_nail.jpg,C:\Users\USER\Downloads\파일정리_cls\other\P\030_R_04_side_nail.jpg
other,train,P/029_R_02,P,029,C:\Users\USER\Downloads\파일정리_cls\other\P\029_R_02_front_nail.jpg,C:\Users\USER\Downloads\파일정리_cls\other\P\029_R_02_side_nail.jpg
other,train,P/033_R_02,P,033,C:\Users\USER\Downloads\파일정리_cls\other\P\033_R_02_front_nail.jpg,C:\Users\USER\Downloads\파일정리_cls\other\P\033_R_02_side_nail.jpg
other,train,P/019_L_04,P,019,C:\Users\USER\Downloads\파일정리_cls\other\P\019_L_04_front_nail.jpg,C:\Users\USER\Downloads\파일정리_cls\other\P\019_L_04_side_nail.jpg
other,train,P/032_L_05,P,032,C:\Users\USER\Downloads\파일정리_cls\other\P\032_L_05_front_nail.jpg,C:\Users\USER\Downloads\파일정리_cls\other\P\032_L_05_side_nail.jpg
other,train,P/008_R_03,P,008,C:\Users\USER\Downloads\파일정리_cls\other\P\008_R_03_front_nail.jpg,C:\Users\USER\Downloads\파일정리_cls\other\P\008_R_03_side_nail.jpg
other,train,P/034_L_02,P,034,C:\Users\USER\Downloads\파일정리_cls\other\P\034_L_02_front_nail.jpg,C:\Users\USER\Downloads\파일정리_cls\other\P\034_L_02_side_nail.jpg
other,train,P/017_R_04,P,017,C:\Users\USER\Downloads\파일정리_cls\other\P\017_R_04_front_nail.jpg,C:\Users\USER\Downloads\파일정리_cls\other\P\017_R_04_side_nail.jpg
other,train,P/021_R_05,P,021,C:\Users\USER\Downloads\파일정리_cls\other\P\021_R_05_front_nail.jpg,C:\Users\USER\Downloads\파일정리_cls\other\P\021_R_05_side_nail.jpg
other,train,P/008_L_05,P,008,C:\Users\USER\Downloads\파일정리_cls\other\P\008_L_05_front_nail.jpg,C:\Users\USER\Downloads\파일정리_cls\other\P\008_L_05_side_nail.jpg
other,train,P/008_R_05,P,008,C:\Users\USER\Downloads\파일정리_cls\other\P\008_R_05_front_nail.jpg,C:\Users\USER\Downloads\파일정리_cls\other\P\008_R_05_side_nail.jpg
other,train,P/016_R_02,P,016,C:\Users\USER\Downloads\파일정리_cls\other\P\016_R_02_front_nail.jpg,C:\Users\USER\Downloads\파일정리_cls\other\P\016_R_02_side_nail.jpg
other,train,P/009_L_02,P,009,C:\Users\USER\Downloads\파일정리_cls\other\P\009_L_02_front_nail.jpg,C:\Users\USER\Downloads\파일정리_cls\other\P\009_L_02_side_nail.jpg
other,train,P/029_R_05,P,029,C:\Users\USER\Downloads\파일정리_cls\other\P\029_R_05_front_nail.jpg,C:\Users\USER\Downloads\파일정리_cls\other\P\029_R_05_side_nail.jpg
other,train,P/023_R_02,P,023,C:\Users\USER\Downloads\파일정리_cls\other\P\023_R_02_front_nail.jpg,C:\Users\USER\Downloads\파일정리_cls\other\P\023_R_02_side_nail.jpg
other,train,P/032_R_04,P,032,C:\Users\USER\Downloads\파일정리_cls\other\P\032_R_04_front_nail.jpg,C:\Users\USER\Downloads\파일정리_cls\other\P\032_R_04_side_nail.jpg
other,train,P/033_R_04,P,033,C:\Users\USER\Downloads\파일정리_cls\other\P\033_R_04_front_nail.jpg,C:\Users\USER\Downloads\파일정리_cls\other\P\033_R_04_side_nail.jpg
other,train,P/034_L_04,P,034,C:\Users\USER\Downloads\파일정리_cls\other\P\034_L_04_front_nail.jpg,C:\Users\USER\Downloads\파일정리_cls\other\P\034_L_04_side_nail.jpg
other,train,P/012_L_05,P,012,C:\Users\USER\Downloads\파일정리_cls\other\P\012_L_05_front_nail.jpg,C:\Users\USER\Downloads\파일정리_cls\other\P\012_L_05_side_nail.jpg
other,train,P/005_R_04,P,005,C:\Users\USER\Downloads\파일정리_cls\other\P\005_R_04_front_nail.jpg,C:\Users\USER\Downloads\파일정리_cls\other\P\005_R_04_side_nail.jpg
other,train,P/041_L_04,P,041,C:\Users\USER\Downloads\파일정리_cls\other\P\041_L_04_front_nail.jpg,C:\Users\USER\Downloads\파일정리_cls\other\P\041_L_04_side_nail.jpg
other,train,P/023_R_04,P,023,C:\Users\USER\Downloads\파일정리_cls\other\P\023_R_04_front_nail.jpg,C:\Users\USER\Downloads\파일정리_cls\other\P\023_R_04_side_nail.jpg
other,train,P/020_L_02,P,020,C:\Users\USER\Downloads\파일정리_cls\other\P\020_L_02_front_nail.jpg,C:\Users\USER\Downloads\파일정리_cls\other\P\020_L_02_side_nail.jpg
other,train,P/003_R_05,P,003,C:\Users\USER\Downloads\파일정리_cls\other\P\003_R_05_front_nail.jpg,C:\Users\USER\Downloads\파일정리_cls\other\P\003_R_05_side_nail.jpg
other,train,P/013_L_05,P,013,C:\Users\USER\Downloads\파일정리_cls\other\P\013_L_05_front_nail.jpg,C:\Users\USER\Downloads\파일정리_cls\other\P\013_L_05_side_nail.jpg
other,train,P/005_R_02,P,005,C:\Users\USER\Downloads\파일정리_cls\other\P\005_R_02_front_nail.jpg,C:\Users\USER\Downloads\파일정리_cls\other\P\005_R_02_side_nail.jpg
other,train,P/020_L_05,P,020,C:\Users\USER\Downloads\파일정리_cls\other\P\020_L_05_front_nail.jpg,C:\Users\USER\Downloads\파일정리_cls\other\P\020_L_05_side_nail.jpg
other,train,P/012_R_04,P,012,C:\Users\USER\Downloads\파일정리_cls\other\P\012_R_04_front_nail.jpg,C:\Users\USER\Downloads\파일정리_cls\other\P\012_R_04_side_nail.jpg
other,train,P/034_R_03,P,034,C:\Users\USER\Downloads\파일정리_cls\other\P\034_R_03_front_nail.jpg,C:\Users\USER\Downloads\파일정리_cls\other\P\034_R_03_side_nail.jpg
other,train,P/017_L_04,P,017,C:\Users\USER\Downloads\파일정리_cls\other\P\017_L_04_front_nail.jpg,C:\Users\USER\Downloads\파일정리_cls\other\P\017_L_04_side_nail.jpg
other,train,P/022_L_04,P,022,C:\Users\USER\Downloads\파일정리_cls\other\P\022_L_04_front_nail.jpg,C:\Users\USER\Downloads\파일정리_cls\other\P\022_L_04_side_nail.jpg
other,train,P/030_L_02,P,030,C:\Users\USER\Downloads\파일정리_cls\other\P\030_L_02_front_nail.jpg,C:\Users\USER\Downloads\파일정리_cls\other\P\030_L_02_side_nail.jpg
other,train,P/041_R_04,P,041,C:\Users\USER\Downloads\파일정리_cls\other\P\041_R_04_front_nail.jpg,C:\Users\USER\Downloads\파일정리_cls\other\P\041_R_04_side_nail.jpg
other,train,P/015_L_05,P,015,C:\Users\USER\Downloads\파일정리_cls\other\P\015_L_05_front_nail.jpg,C:\Users\USER\Downloads\파일정리_cls\other\P\015_L_05_side_nail.jpg
other,train,P/033_R_05,P,033,C:\Users\USER\Downloads\파일정리_cls\other\P\033_R_05_front_nail.jpg,C:\Users\USER\Downloads\파일정리_cls\other\P\033_R_05_side_nail.jpg
other,train,P/009_R_05,P,009,C:\Users\USER\Downloads\파일정리_cls\other\P\009_R_05_front_nail.jpg,C:\Users\USER\Downloads\파일정리_cls\other\P\009_R_05_side_nail.jpg
other,train,P/006_L_02,P,006,C:\Users\USER\Downloads\파일정리_cls\other\P\006_L_02_front_nail.jpg,C:\Users\USER\Downloads\파일정리_cls\other\P\006_L_02_side_nail.jpg
other,train,P/016_R_05,P,016,C:\Users\USER\Downloads\파일정리_cls\other\P\016_R_05_front_nail.jpg,C:\Users\USER\Downloads\파일정리_cls\other\P\016_R_05_side_nail.jpg
other,train,P/012_L_04,P,012,C:\Users\USER\Downloads\파일정리_cls\other\P\012_L_04_front_nail.jpg,C:\Users\USER\Downloads\파일정리_cls\other\P\012_L_04_side_nail.jpg
other,train,P/021_L_04,P,021,C:\Users\USER\Downloads\파일정리_cls\other\P\021_L_04_front_nail.jpg,C:\Users\USER\Downloads\파일정리_cls\other\P\021_L_04_side_nail.jpg
other,train,P/021_R_04,P,021,C:\Users\USER\Downloads\파일정리_cls\other\P\021_R_04_front_nail.jpg,C:\Users\USER\Downloads\파일정리_cls\other\P\021_R_04_side_nail.jpg
other,train,P/009_R_03,P,009,C:\Users\USER\Downloads\파일정리_cls\other\P\009_R_03_front_nail.jpg,C:\Users\USER\Downloads\파일정리_cls\other\P\009_R_03_side_nail.jpg
other,train,P/021_R_03,P,021,C:\Users\USER\Downloads\파일정리_cls\other\P\021_R_03_front_nail.jpg,C:\Users\USER\Downloads\파일정리_cls\other\P\021_R_03_side_nail.jpg
other,train,S/002_R_03,S,002,C:\Users\USER\Downloads\파일정리_cls\other\S\002_R_03_front_nail.jpg,C:\Users\USER\Downloads\파일정리_cls\other\S\002_R_03_side_nail.jpg
other,train,S/014_L_04,S,014,C:\Users\USER\Downloads\파일정리_cls\other\S\014_L_04_front_nail.jpg,C:\Users\USER\Downloads\파일정리_cls\other\S\014_L_04_side_nail.jpg
other,train,S/016_R_03,S,016,C:\Users\USER\Downloads\파일정리_cls\other\S\016_R_03_front_nail.jpg,C:\Users\USER\Downloads\파일정리_cls\other\S\016_R_03_side_nail.jpg
other,train,S/007_R_04,S,007,C:\Users\USER\Downloads\파일정리_cls\other\S\007_R_04_front_nail.jpg,C:\Users\USER\Downloads\파일정리_cls\other\S\007_R_04_side_nail.jpg
other,train,S/025_R_04,S,025,C:\Users\USER\Downloads\파일정리_cls\other\S\025_R_04_front_nail.jpg,C:\Users\USER\Downloads\파일정리_cls\other\S\025_R_04_side_nail.jpg
other,train,S/035_L_04,S,035,C:\Users\USER\Downloads\파일정리_cls\other\S\035_L_04_front_nail.jpg,C:\Users\USER\Downloads\파일정리_cls\other\S\035_L_04_side_nail.jpg
other,train,S/004_R_02,S,004,C:\Users\USER\Downloads\파일정리_cls\other\S\004_R_02_front_nail.jpg,C:\Users\USER\Downloads\파일정리_cls\other\S\004_R_02_side_nail.jpg
other,train,S/026_R_03,S,026,C:\Users\USER\Downloads\파일정리_cls\other\S\026_R_03_front_nail.jpg,C:\Users\USER\Downloads\파일정리_cls\other\S\026_R_03_side_nail.jpg
other,train,S/039_R_02,S,039,C:\Users\USER\Downloads\파일정리_cls\other\S\039_R_02_front_nail.jpg,C:\Users\USER\Downloads\파일정리_cls\other\S\039_R_02_side_nail.jpg
other,train,S/010_L_04,S,010,C:\Users\USER\Downloads\파일정리_cls\other\S\010_L_04_front_nail.jpg,C:\Users\USER\Downloads\파일정리_cls\other\S\010_L_04_side_nail.jpg
other,train,S/016_L_02,S,016,C:\Users\USER\Downloads\파일정리_cls\other\S\016_L_02_front_nail.jpg,C:\Users\USER\Downloads\파일정리_cls\other\S\016_L_02_side_nail.jpg
other,train,S/001_R_03,S,001,C:\Users\USER\Downloads\파일정리_cls\other\S\001_R_03_front_nail.jpg,C:\Users\USER\Downloads\파일정리_cls\other\S\001_R_03_side_nail.jpg
other,train,S/027_R_03,S,027,C:\Users\USER\Downloads\파일정리_cls\other\S\027_R_03_front_nail.jpg,C:\Users\USER\Downloads\파일정리_cls\other\S\027_R_03_side_nail.jpg
other,train,S/024_L_05,S,024,C:\Users\USER\Downloads\파일정리_cls\other\S\024_L_05_front_nail.jpg,C:\Users\USER\Downloads\파일정리_cls\other\S\024_L_05_side_nail.jpg
other,train,S/014_R_02,S,014,C:\Users\USER\Downloads\파일정리_cls\other\S\014_R_02_front_nail.jpg,C:\Users\USER\Downloads\파일정리_cls\other\S\014_R_02_side_nail.jpg
other,train,S/024_L_04,S,024,C:\Users\USER\Downloads\파일정리_cls\other\S\024_L_04_front_nail.jpg,C:\Users\USER\Downloads\파일정리_cls\other\S\024_L_04_side_nail.jpg
other,train,S/022_L_05,S,022,C:\Users\USER\Downloads\파일정리_cls\other\S\022_L_05_front_nail.jpg,C:\Users\USER\Downloads\파일정리_cls\other\S\022_L_05_side_nail.jpg
other,train,S/010_L_03,S,010,C:\Users\USER\Downloads\파일정리_cls\other\S\010_L_03_front_nail.jpg,C:\Users\USER\Downloads\파일정리_cls\other\S\010_L_03_side_nail.jpg
other,train,S/004_L_05,S,004,C:\Users\USER\Downloads\파일정리_cls\other\S\004_L_05_front_nail.jpg,C:\Users\USER\Downloads\파일정리_cls\other\S\004_L_05_side_nail.jpg
other,train,S/035_R_03,S,035,C:\Users\USER\Downloads\파일정리_cls\other\S\035_R_03_front_nail.jpg,C:\Users\USER\Downloads\파일정리_cls\other\S\035_R_03_side_nail.jpg
other,train,S/025_R_03,S,025,C:\Users\USER\Downloads\파일정리_cls\other\S\025_R_03_front_nail.jpg,C:\Users\USER\Downloads\파일정리_cls\other\S\025_R_03_side_nail.jpg
other,train,S/013_R_03,S,013,C:\Users\USER\Downloads\파일정리_cls\other\S\013_R_03_front_nail.jpg,C:\Users\USER\Downloads\파일정리_cls\other\S\013_R_03_side_nail.jpg
other,train,S/001_R_05,S,001,C:\Users\USER\Downloads\파일정리_cls\other\S\001_R_05_front_nail.jpg,C:\Users\USER\Downloads\파일정리_cls\other\S\001_R_05_side_nail.jpg
other,train,S/036_R_03,S,036,C:\Users\USER\Downloads\파일정리_cls\other\S\036_R_03_front_nail.jpg,C:\Users\USER\Downloads\파일정리_cls\other\S\036_R_03_side_nail.jpg
other,train,S/002_L_03,S,002,C:\Users\USER\Downloads\파일정리_cls\other\S\002_L_03_front_nail.jpg,C:\Users\USER\Downloads\파일정리_cls\other\S\002_L_03_side_nail.jpg
other,train,S/035_R_04,S,035,C:\Users\USER\Downloads\파일정리_cls\other\S\035_R_04_front_nail.jpg,C:\Users\USER\Downloads\파일정리_cls\other\S\035_R_04_side_nail.jpg
other,train,S/030_R_05,S,030,C:\Users\USER\Downloads\파일정리_cls\other\S\030_R_05_front_nail.jpg,C:\Users\USER\Downloads\파일정리_cls\other\S\030_R_05_side_nail.jpg
other,train,S/002_R_05,S,002,C:\Users\USER\Downloads\파일정리_cls\other\S\002_R_05_front_nail.jpg,C:\Users\USER\Downloads\파일정리_cls\other\S\002_R_05_side_nail.jpg
other,train,S/025_L_03,S,025,C:\Users\USER\Downloads\파일정리_cls\other\S\025_L_03_front_nail.jpg,C:\Users\USER\Downloads\파일정리_cls\other\S\025_L_03_side_nail.jpg
other,train,S/030_L_03,S,030,C:\Users\USER\Downloads\파일정리_cls\other\S\030_L_03_front_nail.jpg,C:\Users\USER\Downloads\파일정리_cls\other\S\030_L_03_side_nail.jpg
other,train,S/012_L_03,S,012,C:\Users\USER\Downloads\파일정리_cls\other\S\012_L_03_front_nail.jpg,C:\Users\USER\Downloads\파일정리_cls\other\S\012_L_03_side_nail.jpg
other,train,S/027_L_04,S,027,C:\Users\USER\Downloads\파일정리_cls\other\S\027_L_04_front_nail.jpg,C:\Users\USER\Downloads\파일정리_cls\other\S\027_L_04_side_nail.jpg
other,train,S/022_R_04,S,022,C:\Users\USER\Downloads\파일정리_cls\other\S\022_R_04_front_nail.jpg,C:\Users\USER\Downloads\파일정리_cls\other\S\022_R_04_side_nail.jpg
other,train,S/018_R_05,S,018,C:\Users\USER\Downloads\파일정리_cls\other\S\018_R_05_front_nail.jpg,C:\Users\USER\Downloads\파일정리_cls\other\S\018_R_05_side_nail.jpg
other,train,S/001_R_04,S,001,C:\Users\USER\Downloads\파일정리_cls\other\S\001_R_04_front_nail.jpg,C:\Users\USER\Downloads\파일정리_cls\other\S\001_R_04_side_nail.jpg
other,train,S/007_L_04,S,007,C:\Users\USER\Downloads\파일정리_cls\other\S\007_L_04_front_nail.jpg,C:\Users\USER\Downloads\파일정리_cls\other\S\007_L_04_side_nail.jpg
other,train,S/014_R_05,S,014,C:\Users\USER\Downloads\파일정리_cls\other\S\014_R_05_front_nail.jpg,C:\Users\USER\Downloads\파일정리_cls\other\S\014_R_05_side_nail.jpg
other,train,S/022_R_02,S,022,C:\Users\USER\Downloads\파일정리_cls\other\S\022_R_02_front_nail.jpg,C:\Users\USER\Downloads\파일정리_cls\other\S\022_R_02_side_nail.jpg
other,train,S/025_R_05,S,025,C:\Users\USER\Downloads\파일정리_cls\other\S\025_R_05_front_nail.jpg,C:\Users\USER\Downloads\파일정리_cls\other\S\025_R_05_side_nail.jpg
other,train,S/026_L_04,S,026,C:\Users\USER\Downloads\파일정리_cls\other\S\026_L_04_front_nail.jpg,C:\Users\USER\Downloads\파일정리_cls\other\S\026_L_04_side_nail.jpg
other,train,S/013_R_02,S,013,C:\Users\USER\Downloads\파일정리_cls\other\S\013_R_02_front_nail.jpg,C:\Users\USER\Downloads\파일정리_cls\other\S\013_R_02_side_nail.jpg
other,train,S/031_R_05,S,031,C:\Users\USER\Downloads\파일정리_cls\other\S\031_R_05_front_nail.jpg,C:\Users\USER\Downloads\파일정리_cls\other\S\031_R_05_side_nail.jpg
other,train,S/007_L_03,S,007,C:\Users\USER\Downloads\파일정리_cls\other\S\007_L_03_front_nail.jpg,C:\Users\USER\Downloads\파일정리_cls\other\S\007_L_03_side_nail.jpg
other,train,S/036_L_04,S,036,C:\Users\USER\Downloads\파일정리_cls\other\S\036_L_04_front_nail.jpg,C:\Users\USER\Downloads\파일정리_cls\other\S\036_L_04_side_nail.jpg
other,train,S/031_L_04,S,031,C:\Users\USER\Downloads\파일정리_cls\other\S\031_L_04_front_nail.jpg,C:\Users\USER\Downloads\파일정리_cls\other\S\031_L_04_side_nail.jpg
other,train,S/013_L_04,S,013,C:\Users\USER\Downloads\파일정리_cls\other\S\013_L_04_front_nail.jpg,C:\Users\USER\Downloads\파일정리_cls\other\S\013_L_04_side_nail.jpg
other,train,S/017_R_03,S,017,C:\Users\USER\Downloads\파일정리_cls\other\S\017_R_03_front_nail.jpg,C:\Users\USER\Downloads\파일정리_cls\other\S\017_R_03_side_nail.jpg
other,train,S/012_R_03,S,012,C:\Users\USER\Downloads\파일정리_cls\other\S\012_R_03_front_nail.jpg,C:\Users\USER\Downloads\파일정리_cls\other\S\012_R_03_side_nail.jpg
other,train,S/015_R_03,S,015,C:\Users\USER\Downloads\파일정리_cls\other\S\015_R_03_front_nail.jpg,C:\Users\USER\Downloads\파일정리_cls\other\S\015_R_03_side_nail.jpg
other,train,S/001_L_03,S,001,C:\Users\USER\Downloads\파일정리_cls\other\S\001_L_03_front_nail.jpg,C:\Users\USER\Downloads\파일정리_cls\other\S\001_L_03_side_nail.jpg
other,train,S/042_L_05,S,042,C:\Users\USER\Downloads\파일정리_cls\other\S\042_L_05_front_nail.jpg,C:\Users\USER\Downloads\파일정리_cls\other\S\042_L_05_side_nail.jpg
other,train,S/042_L_02,S,042,C:\Users\USER\Downloads\파일정리_cls\other\S\042_L_02_front_nail.jpg,C:\Users\USER\Downloads\파일정리_cls\other\S\042_L_02_side_nail.jpg
other,train,S/036_L_02,S,036,C:\Users\USER\Downloads\파일정리_cls\other\S\036_L_02_front_nail.jpg,C:\Users\USER\Downloads\파일정리_cls\other\S\036_L_02_side_nail.jpg
other,train,S/037_L_03,S,037,C:\Users\USER\Downloads\파일정리_cls\other\S\037_L_03_front_nail.jpg,C:\Users\USER\Downloads\파일정리_cls\other\S\037_L_03_side_nail.jpg
other,train,S/010_L_05,S,010,C:\Users\USER\Downloads\파일정리_cls\other\S\010_L_05_front_nail.jpg,C:\Users\USER\Downloads\파일정리_cls\other\S\010_L_05_side_nail.jpg
other,train,S/019_L_02,S,019,C:\Users\USER\Downloads\파일정리_cls\other\S\019_L_02_front_nail.jpg,C:\Users\USER\Downloads\파일정리_cls\other\S\019_L_02_side_nail.jpg
other,train,S/042_R_04,S,042,C:\Users\USER\Downloads\파일정리_cls\other\S\042_R_04_front_nail.jpg,C:\Users\USER\Downloads\파일정리_cls\other\S\042_R_04_side_nail.jpg
other,train,S/037_R_03,S,037,C:\Users\USER\Downloads\파일정리_cls\other\S\037_R_03_front_nail.jpg,C:\Users\USER\Downloads\파일정리_cls\other\S\037_R_03_side_nail.jpg
other,train,S/007_R_03,S,007,C:\Users\USER\Downloads\파일정리_cls\other\S\007_R_03_front_nail.jpg,C:\Users\USER\Downloads\파일정리_cls\other\S\007_R_03_side_nail.jpg
other,train,S/010_R_04,S,010,C:\Users\USER\Downloads\파일정리_cls\other\S\010_R_04_front_nail.jpg,C:\Users\USER\Downloads\파일정리_cls\other\S\010_R_04_side_nail.jpg
other,train,S/003_L_04,S,003,C:\Users\USER\Downloads\파일정리_cls\other\S\003_L_04_front_nail.jpg,C:\Users\USER\Downloads\파일정리_cls\other\S\003_L_04_side_nail.jpg
other,train,S/001_L_04,S,001,C:\Users\USER\Downloads\파일정리_cls\other\S\001_L_04_front_nail.jpg,C:\Users\USER\Downloads\파일정리_cls\other\S\001_L_04_side_nail.jpg
other,train,S/023_R_03,S,023,C:\Users\USER\Downloads\파일정리_cls\other\S\023_R_03_front_nail.jpg,C:\Users\USER\Downloads\파일정리_cls\other\S\023_R_03_side_nail.jpg
other,train,S/036_L_05,S,036,C:\Users\USER\Downloads\파일정리_cls\other\S\036_L_05_front_nail.jpg,C:\Users\USER\Downloads\파일정리_cls\other\S\036_L_05_side_nail.jpg
other,train,S/036_R_04,S,036,C:\Users\USER\Downloads\파일정리_cls\other\S\036_R_04_front_nail.jpg,C:\Users\USER\Downloads\파일정리_cls\other\S\036_R_04_side_nail.jpg
other,train,S/036_L_03,S,036,C:\Users\USER\Downloads\파일정리_cls\other\S\036_L_03_front_nail.jpg,C:\Users\USER\Downloads\파일정리_cls\other\S\036_L_03_side_nail.jpg
other,train,S/024_L_03,S,024,C:\Users\USER\Downloads\파일정리_cls\other\S\024_L_03_front_nail.jpg,C:\Users\USER\Downloads\파일정리_cls\other\S\024_L_03_side_nail.jpg
other,train,S/017_L_03,S,017,C:\Users\USER\Downloads\파일정리_cls\other\S\017_L_03_front_nail.jpg,C:\Users\USER\Downloads\파일정리_cls\other\S\017_L_03_side_nail.jpg
other,train,S/002_R_04,S,002,C:\Users\USER\Downloads\파일정리_cls\other\S\002_R_04_front_nail.jpg,C:\Users\USER\Downloads\파일정리_cls\other\S\002_R_04_side_nail.jpg
other,train,S/035_L_03,S,035,C:\Users\USER\Downloads\파일정리_cls\other\S\035_L_03_front_nail.jpg,C:\Users\USER\Downloads\파일정리_cls\other\S\035_L_03_side_nail.jpg
other,train,S/037_L_04,S,037,C:\Users\USER\Downloads\파일정리_cls\other\S\037_L_04_front_nail.jpg,C:\Users\USER\Downloads\파일정리_cls\other\S\037_L_04_side_nail.jpg
other,train,S/013_L_03,S,013,C:\Users\USER\Downloads\파일정리_cls\other\S\013_L_03_front_nail.jpg,C:\Users\USER\Downloads\파일정리_cls\other\S\013_L_03_side_nail.jpg
other,train,S/007_R_05,S,007,C:\Users\USER\Downloads\파일정리_cls\other\S\007_R_05_front_nail.jpg,C:\Users\USER\Downloads\파일정리_cls\other\S\007_R_05_side_nail.jpg
other,train,S/042_R_03,S,042,C:\Users\USER\Downloads\파일정리_cls\other\S\042_R_03_front_nail.jpg,C:\Users\USER\Downloads\파일정리_cls\other\S\042_R_03_side_nail.jpg
other,train,S/004_R_03,S,004,C:\Users\USER\Downloads\파일정리_cls\other\S\004_R_03_front_nail.jpg,C:\Users\USER\Downloads\파일정리_cls\other\S\004_R_03_side_nail.jpg
other,train,S/017_R_02,S,017,C:\Users\USER\Downloads\파일정리_cls\other\S\017_R_02_front_nail.jpg,C:\Users\USER\Downloads\파일정리_cls\other\S\017_R_02_side_nail.jpg
other,train,S/023_L_04,S,023,C:\Users\USER\Downloads\파일정리_cls\other\S\023_L_04_front_nail.jpg,C:\Users\USER\Downloads\파일정리_cls\other\S\023_L_04_side_nail.jpg
other,train,S/042_R_02,S,042,C:\Users\USER\Downloads\파일정리_cls\other\S\042_R_02_front_nail.jpg,C:\Users\USER\Downloads\파일정리_cls\other\S\042_R_02_side_nail.jpg
other,train,S/010_L_02,S,010,C:\Users\USER\Downloads\파일정리_cls\other\S\010_L_02_front_nail.jpg,C:\Users\USER\Downloads\파일정리_cls\other\S\010_L_02_side_nail.jpg
other,train,S/010_R_05,S,010,C:\Users\USER\Downloads\파일정리_cls\other\S\010_R_05_front_nail.jpg,C:\Users\USER\Downloads\파일정리_cls\other\S\010_R_05_side_nail.jpg
other,train,S/004_L_02,S,004,C:\Users\USER\Downloads\파일정리_cls\other\S\004_L_02_front_nail.jpg,C:\Users\USER\Downloads\파일정리_cls\other\S\004_L_02_side_nail.jpg
other,train,S/031_R_04,S,031,C:\Users\USER\Downloads\파일정리_cls\other\S\031_R_04_front_nail.jpg,C:\Users\USER\Downloads\파일정리_cls\other\S\031_R_04_side_nail.jpg
other,train,S/014_L_05,S,014,C:\Users\USER\Downloads\파일정리_cls\other\S\014_L_05_front_nail.jpg,C:\Users\USER\Downloads\파일정리_cls\other\S\014_L_05_side_nail.jpg
other,train,S/036_R_05,S,036,C:\Users\USER\Downloads\파일정리_cls\other\S\036_R_05_front_nail.jpg,C:\Users\USER\Downloads\파일정리_cls\other\S\036_R_05_side_nail.jpg
other,train,S/016_L_03,S,016,C:\Users\USER\Downloads\파일정리_cls\other\S\016_L_03_front_nail.jpg,C:\Users\USER\Downloads\파일정리_cls\other\S\016_L_03_side_nail.jpg
other,train,S/002_L_05,S,002,C:\Users\USER\Downloads\파일정리_cls\other\S\002_L_05_front_nail.jpg,C:\Users\USER\Downloads\파일정리_cls\other\S\002_L_05_side_nail.jpg
other,train,S/042_L_03,S,042,C:\Users\USER\Downloads\파일정리_cls\other\S\042_L_03_front_nail.jpg,C:\Users\USER\Downloads\파일정리_cls\other\S\042_L_03_side_nail.jpg
other,train,S/026_R_04,S,026,C:\Users\USER\Downloads\파일정리_cls\other\S\026_R_04_front_nail.jpg,C:\Users\USER\Downloads\파일정리_cls\other\S\026_R_04_side_nail.jpg
other,train,S/027_L_02,S,027,C:\Users\USER\Downloads\파일정리_cls\other\S\027_L_02_front_nail.jpg,C:\Users\USER\Downloads\파일정리_cls\other\S\027_L_02_side_nail.jpg
other,train,S/027_L_05,S,027,C:\Users\USER\Downloads\파일정리_cls\other\S\027_L_05_front_nail.jpg,C:\Users\USER\Downloads\파일정리_cls\other\S\027_L_05_side_nail.jpg
other,train,S/002_L_04,S,002,C:\Users\USER\Downloads\파일정리_cls\other\S\002_L_04_front_nail.jpg,C:\Users\USER\Downloads\파일정리_cls\other\S\002_L_04_side_nail.jpg
other,train,S/030_L_04,S,030,C:\Users\USER\Downloads\파일정리_cls\other\S\030_L_04_front_nail.jpg,C:\Users\USER\Downloads\파일정리_cls\other\S\030_L_04_side_nail.jpg
other,train,S/035_R_05,S,035,C:\Users\USER\Downloads\파일정리_cls\other\S\035_R_05_front_nail.jpg,C:\Users\USER\Downloads\파일정리_cls\other\S\035_R_05_side_nail.jpg
other,train,S/018_R_04,S,018,C:\Users\USER\Downloads\파일정리_cls\other\S\018_R_04_front_nail.jpg,C:\Users\USER\Downloads\파일정리_cls\other\S\018_R_04_side_nail.jpg
other,train,S/016_L_04,S,016,C:\Users\USER\Downloads\파일정리_cls\other\S\016_L_04_front_nail.jpg,C:\Users\USER\Downloads\파일정리_cls\other\S\016_L_04_side_nail.jpg
other,train,S/016_R_04,S,016,C:\Users\USER\Downloads\파일정리_cls\other\S\016_R_04_front_nail.jpg,C:\Users\USER\Downloads\파일정리_cls\other\S\016_R_04_side_nail.jpg
other,train,S/014_R_03,S,014,C:\Users\USER\Downloads\파일정리_cls\other\S\014_R_03_front_nail.jpg,C:\Users\USER\Downloads\파일정리_cls\other\S\014_R_03_side_nail.jpg
other,train,S/017_L_02,S,017,C:\Users\USER\Downloads\파일정리_cls\other\S\017_L_02_front_nail.jpg,C:\Users\USER\Downloads\파일정리_cls\other\S\017_L_02_side_nail.jpg
other,train,S/027_L_03,S,027,C:\Users\USER\Downloads\파일정리_cls\other\S\027_L_03_front_nail.jpg,C:\Users\USER\Downloads\파일정리_cls\other\S\027_L_03_side_nail.jpg
other,train,S/042_L_04,S,042,C:\Users\USER\Downloads\파일정리_cls\other\S\042_L_04_front_nail.jpg,C:\Users\USER\Downloads\파일정리_cls\other\S\042_L_04_side_nail.jpg
other,train,S/003_L_05,S,003,C:\Users\USER\Downloads\파일정리_cls\other\S\003_L_05_front_nail.jpg,C:\Users\USER\Downloads\파일정리_cls\other\S\003_L_05_side_nail.jpg
other,train,S/015_L_03,S,015,C:\Users\USER\Downloads\파일정리_cls\other\S\015_L_03_front_nail.jpg,C:\Users\USER\Downloads\파일정리_cls\other\S\015_L_03_side_nail.jpg
other,train,S/032_R_02,S,032,C:\Users\USER\Downloads\파일정리_cls\other\S\032_R_02_front_nail.jpg,C:\Users\USER\Downloads\파일정리_cls\other\S\032_R_02_side_nail.jpg
other,train,S/042_R_05,S,042,C:\Users\USER\Downloads\파일정리_cls\other\S\042_R_05_front_nail.jpg,C:\Users\USER\Downloads\파일정리_cls\other\S\042_R_05_side_nail.jpg
other,train,S/022_L_02,S,022,C:\Users\USER\Downloads\파일정리_cls\other\S\022_L_02_front_nail.jpg,C:\Users\USER\Downloads\파일정리_cls\other\S\022_L_02_side_nail.jpg
other,train,S/037_R_04,S,037,C:\Users\USER\Downloads\파일정리_cls\other\S\037_R_04_front_nail.jpg,C:\Users\USER\Downloads\파일정리_cls\other\S\037_R_04_side_nail.jpg
other,test,P/011_L_02,P,011,C:\Users\USER\Downloads\파일정리_cls\other\P\011_L_02_front_nail.jpg,C:\Users\USER\Downloads\파일정리_cls\other\P\011_L_02_side_nail.jpg
other,test,P/026_L_05,P,026,C:\Users\USER\Downloads\파일정리_cls\other\P\026_L_05_front_nail.jpg,C:\Users\USER\Downloads\파일정리_cls\other\P\026_L_05_side_nail.jpg
other,test,P/004_L_03,P,004,C:\Users\USER\Downloads\파일정리_cls\other\P\004_L_03_front_nail.jpg,C:\Users\USER\Downloads\파일정리_cls\other\P\004_L_03_side_nail.jpg
other,test,P/020_R_03,P,020,C:\Users\USER\Downloads\파일정리_cls\other\P\020_R_03_front_nail.jpg,C:\Users\USER\Downloads\파일정리_cls\other\P\020_R_03_side_nail.jpg
other,test,P/019_R_05,P,019,C:\Users\USER\Downloads\파일정리_cls\other\P\019_R_05_front_nail.jpg,C:\Users\USER\Downloads\파일정리_cls\other\P\019_R_05_side_nail.jpg
other,test,P/017_R_05,P,017,C:\Users\USER\Downloads\파일정리_cls\other\P\017_R_05_front_nail.jpg,C:\Users\USER\Downloads\파일정리_cls\other\P\017_R_05_side_nail.jpg
other,test,P/021_L_02,P,021,C:\Users\USER\Downloads\파일정리_cls\other\P\021_L_02_front_nail.jpg,C:\Users\USER\Downloads\파일정리_cls\other\P\021_L_02_side_nail.jpg
other,test,P/012_L_02,P,012,C:\Users\USER\Downloads\파일정리_cls\other\P\012_L_02_front_nail.jpg,C:\Users\USER\Downloads\파일정리_cls\other\P\012_L_02_side_nail.jpg
other,test,P/011_R_04,P,011,C:\Users\USER\Downloads\파일정리_cls\other\P\011_R_04_front_nail.jpg,C:\Users\USER\Downloads\파일정리_cls\other\P\011_R_04_side_nail.jpg
other,test,P/029_L_04,P,029,C:\Users\USER\Downloads\파일정리_cls\other\P\029_L_04_front_nail.jpg,C:\Users\USER\Downloads\파일정리_cls\other\P\029_L_04_side_nail.jpg
other,test,P/021_L_05,P,021,C:\Users\USER\Downloads\파일정리_cls\other\P\021_L_05_front_nail.jpg,C:\Users\USER\Downloads\파일정리_cls\other\P\021_L_05_side_nail.jpg
other,test,P/007_L_02,P,007,C:\Users\USER\Downloads\파일정리_cls\other\P\007_L_02_front_nail.jpg,C:\Users\USER\Downloads\파일정리_cls\other\P\007_L_02_side_nail.jpg
other,test,P/008_L_03,P,008,C:\Users\USER\Downloads\파일정리_cls\other\P\008_L_03_front_nail.jpg,C:\Users\USER\Downloads\파일정리_cls\other\P\008_L_03_side_nail.jpg
other,test,P/019_L_05,P,019,C:\Users\USER\Downloads\파일정리_cls\other\P\019_L_05_front_nail.jpg,C:\Users\USER\Downloads\파일정리_cls\other\P\019_L_05_side_nail.jpg
other,test,P/026_R_05,P,026,C:\Users\USER\Downloads\파일정리_cls\other\P\026_R_05_front_nail.jpg,C:\Users\USER\Downloads\파일정리_cls\other\P\026_R_05_side_nail.jpg
other,test,P/036_R_02,P,036,C:\Users\USER\Downloads\파일정리_cls\other\P\036_R_02_front_nail.jpg,C:\Users\USER\Downloads\파일정리_cls\other\P\036_R_02_side_nail.jpg
other,test,P/006_L_05,P,006,C:\Users\USER\Downloads\파일정리_cls\other\P\006_L_05_front_nail.jpg,C:\Users\USER\Downloads\파일정리_cls\other\P\006_L_05_side_nail.jpg
other,test,P/041_R_03,P,041,C:\Users\USER\Downloads\파일정리_cls\other\P\041_R_03_front_nail.jpg,C:\Users\USER\Downloads\파일정리_cls\other\P\041_R_03_side_nail.jpg
other,test,P/006_R_04,P,006,C:\Users\USER\Downloads\파일정리_cls\other\P\006_R_04_front_nail.jpg,C:\Users\USER\Downloads\파일정리_cls\other\P\006_R_04_side_nail.jpg
other,test,P/029_L_05,P,029,C:\Users\USER\Downloads\파일정리_cls\other\P\029_L_05_front_nail.jpg,C:\Users\USER\Downloads\파일정리_cls\other\P\029_L_05_side_nail.jpg
other,test,P/041_L_03,P,041,C:\Users\USER\Downloads\파일정리_cls\other\P\041_L_03_front_nail.jpg,C:\Users\USER\Downloads\파일정리_cls\other\P\041_L_03_side_nail.jpg
other,test,P/016_L_05,P,016,C:\Users\USER\Downloads\파일정리_cls\other\P\016_L_05_front_nail.jpg,C:\Users\USER\Downloads\파일정리_cls\other\P\016_L_05_side_nail.jpg
other,test,P/009_R_02,P,009,C:\Users\USER\Downloads\파일정리_cls\other\P\009_R_02_front_nail.jpg,C:\Users\USER\Downloads\파일정리_cls\other\P\009_R_02_side_nail.jpg
other,test,P/029_L_02,P,029,C:\Users\USER\Downloads\파일정리_cls\other\P\029_L_02_front_nail.jpg,C:\Users\USER\Downloads\파일정리_cls\other\P\029_L_02_side_nail.jpg
other,test,P/041_R_05,P,041,C:\Users\USER\Downloads\파일정리_cls\other\P\041_R_05_front_nail.jpg,C:\Users\USER\Downloads\파일정리_cls\other\P\041_R_05_side_nail.jpg
other,test,P/032_L_04,P,032,C:\Users\USER\Downloads\파일정리_cls\other\P\032_L_04_front_nail.jpg,C:\Users\USER\Downloads\파일정리_cls\other\P\032_L_04_side_nail.jpg
other,test,P/023_R_05,P,023,C:\Users\USER\Downloads\파일정리_cls\other\P\023_R_05_front_nail.jpg,C:\Users\USER\Downloads\파일정리_cls\other\P\023_R_05_side_nail.jpg
other,test,P/020_R_02,P,020,C:\Users\USER\Downloads\파일정리_cls\other\P\020_R_02_front_nail.jpg,C:\Users\USER\Downloads\파일정리_cls\other\P\020_R_02_side_nail.jpg
other,test,P/009_L_05,P,009,C:\Users\USER\Downloads\파일정리_cls\other\P\009_L_05_front_nail.jpg,C:\Users\USER\Downloads\파일정리_cls\other\P\009_L_05_side_nail.jpg
other,test,P/037_L_02,P,037,C:\Users\USER\Downloads\파일정리_cls\other\P\037_L_02_front_nail.jpg,C:\Users\USER\Downloads\파일정리_cls\other\P\037_L_02_side_nail.jpg
other,test,P/034_R_04,P,034,C:\Users\USER\Downloads\파일정리_cls\other\P\034_R_04_front_nail.jpg,C:\Users\USER\Downloads\파일정리_cls\other\P\034_R_04_side_nail.jpg
other,test,P/015_L_02,P,015,C:\Users\USER\Downloads\파일정리_cls\other\P\015_L_02_front_nail.jpg,C:\Users\USER\Downloads\파일정리_cls\other\P\015_L_02_side_nail.jpg
other,test,S/031_R_02,S,031,C:\Users\USER\Downloads\파일정리_cls\other\S\031_R_02_front_nail.jpg,C:\Users\USER\Downloads\파일정리_cls\other\S\031_R_02_side_nail.jpg
other,test,S/035_R_02,S,035,C:\Users\USER\Downloads\파일정리_cls\other\S\035_R_02_front_nail.jpg,C:\Users\USER\Downloads\파일정리_cls\other\S\035_R_02_side_nail.jpg
other,test,S/039_L_02,S,039,C:\Users\USER\Downloads\파일정리_cls\other\S\039_L_02_front_nail.jpg,C:\Users\USER\Downloads\파일정리_cls\other\S\039_L_02_side_nail.jpg
other,test,S/027_R_05,S,027,C:\Users\USER\Downloads\파일정리_cls\other\S\027_R_05_front_nail.jpg,C:\Users\USER\Downloads\파일정리_cls\other\S\027_R_05_side_nail.jpg
other,test,S/025_L_04,S,025,C:\Users\USER\Downloads\파일정리_cls\other\S\025_L_04_front_nail.jpg,C:\Users\USER\Downloads\파일정리_cls\other\S\025_L_04_side_nail.jpg
other,test,S/031_L_03,S,031,C:\Users\USER\Downloads\파일정리_cls\other\S\031_L_03_front_nail.jpg,C:\Users\USER\Downloads\파일정리_cls\other\S\031_L_03_side_nail.jpg
other,test,S/022_R_03,S,022,C:\Users\USER\Downloads\파일정리_cls\other\S\022_R_03_front_nail.jpg,C:\Users\USER\Downloads\파일정리_cls\other\S\022_R_03_side_nail.jpg
other,test,S/026_L_03,S,026,C:\Users\USER\Downloads\파일정리_cls\other\S\026_L_03_front_nail.jpg,C:\Users\USER\Downloads\파일정리_cls\other\S\026_L_03_side_nail.jpg
other,test,S/014_L_03,S,014,C:\Users\USER\Downloads\파일정리_cls\other\S\014_L_03_front_nail.jpg,C:\Users\USER\Downloads\파일정리_cls\other\S\014_L_03_side_nail.jpg
other,test,S/004_R_04,S,004,C:\Users\USER\Downloads\파일정리_cls\other\S\004_R_04_front_nail.jpg,C:\Users\USER\Downloads\파일정리_cls\other\S\004_R_04_side_nail.jpg
other,test,S/023_L_03,S,023,C:\Users\USER\Downloads\파일정리_cls\other\S\023_L_03_front_nail.jpg,C:\Users\USER\Downloads\파일정리_cls\other\S\023_L_03_side_nail.jpg
other,test,S/030_R_03,S,030,C:\Users\USER\Downloads\파일정리_cls\other\S\030_R_03_front_nail.jpg,C:\Users\USER\Downloads\파일정리_cls\other\S\030_R_03_side_nail.jpg
other,test,S/014_L_02,S,014,C:\Users\USER\Downloads\파일정리_cls\other\S\014_L_02_front_nail.jpg,C:\Users\USER\Downloads\파일정리_cls\other\S\014_L_02_side_nail.jpg
other,test,S/031_L_02,S,031,C:\Users\USER\Downloads\파일정리_cls\other\S\031_L_02_front_nail.jpg,C:\Users\USER\Downloads\파일정리_cls\other\S\031_L_02_side_nail.jpg
other,test,S/027_R_02,S,027,C:\Users\USER\Downloads\파일정리_cls\other\S\027_R_02_front_nail.jpg,C:\Users\USER\Downloads\파일정리_cls\other\S\027_R_02_side_nail.jpg
other,test,S/027_R_04,S,027,C:\Users\USER\Downloads\파일정리_cls\other\S\027_R_04_front_nail.jpg,C:\Users\USER\Downloads\파일정리_cls\other\S\027_R_04_side_nail.jpg
other,test,S/010_R_03,S,010,C:\Users\USER\Downloads\파일정리_cls\other\S\010_R_03_front_nail.jpg,C:\Users\USER\Downloads\파일정리_cls\other\S\010_R_03_side_nail.jpg
other,test,S/025_L_05,S,025,C:\Users\USER\Downloads\파일정리_cls\other\S\025_L_05_front_nail.jpg,C:\Users\USER\Downloads\파일정리_cls\other\S\025_L_05_side_nail.jpg
other,test,S/013_R_04,S,013,C:\Users\USER\Downloads\파일정리_cls\other\S\013_R_04_front_nail.jpg,C:\Users\USER\Downloads\파일정리_cls\other\S\013_R_04_side_nail.jpg
other,test,S/010_R_02,S,010,C:\Users\USER\Downloads\파일정리_cls\other\S\010_R_02_front_nail.jpg,C:\Users\USER\Downloads\파일정리_cls\other\S\010_R_02_side_nail.jpg
other,test,S/004_L_04,S,004,C:\Users\USER\Downloads\파일정리_cls\other\S\004_L_04_front_nail.jpg,C:\Users\USER\Downloads\파일정리_cls\other\S\004_L_04_side_nail.jpg
other,test,S/030_L_05,S,030,C:\Users\USER\Downloads\파일정리_cls\other\S\030_L_05_front_nail.jpg,C:\Users\USER\Downloads\파일정리_cls\other\S\030_L_05_side_nail.jpg
other,test,S/013_L_02,S,013,C:\Users\USER\Downloads\파일정리_cls\other\S\013_L_02_front_nail.jpg,C:\Users\USER\Downloads\파일정리_cls\other\S\013_L_02_side_nail.jpg
other,test,S/031_R_03,S,031,C:\Users\USER\Downloads\파일정리_cls\other\S\031_R_03_front_nail.jpg,C:\Users\USER\Downloads\파일정리_cls\other\S\031_R_03_side_nail.jpg
other,test,S/014_R_04,S,014,C:\Users\USER\Downloads\파일정리_cls\other\S\014_R_04_front_nail.jpg,C:\Users\USER\Downloads\파일정리_cls\other\S\014_R_04_side_nail.jpg
other,test,S/029_L_03,S,029,C:\Users\USER\Downloads\파일정리_cls\other\S\029_L_03_front_nail.jpg,C:\Users\USER\Downloads\파일정리_cls\other\S\029_L_03_side_nail.jpg
